id,exp
ca74074b-a75c-434c-82dc-e7b112d192ef,No
910c8543-cc94-4499-82fe-365c24eac5b1,Yes
22f1d19e-14f8-403e-9e48-663da7508bf2,No
f59f0b5c-a5ac-4859-a862-3425c623341d,No
fd0df2dd-fa09-4ec1-8996-c6c6aca9c2a6,Yes
f4cc72cf-6f47-4ebc-a9ab-9ba15b6fa411,Yes
91953b3b-e9ea-49be-a403-92d7a97e4ebc,No
d69871fb-9d93-4a3f-b4ea-f53de743b25f,Yes
50db517a-a5c7-431e-9439-cb5cffb9b954,Yes
75525e48-2c6d-4b74-b22b-3d2dcd7fde74,Yes
6947a02f-c72d-4463-99ed-a4973a62027f,No
7376a408-23a8-464b-84b5-64a6f68c9daf,Yes
b8862635-21cd-405b-b757-8ee924a7a826,No
4d9c2053-c1b5-4ea5-9156-b1b1cc6f5c2b,Yes
ad1457f5-c6e3-4493-a216-284a49983e4f,No
bf7a15fb-0afe-49c9-ae7b-f5fc9f47531f,No
27a9f072-fdbc-42d3-bc13-46a9fb25f3eb,No
ea658618-d298-4b20-b730-2fc56f54fe09,No
cbac425d-f2b1-4b13-ad67-e73fa46600d2,Yes
4c696ce2-443f-45cc-abe0-926249826b93,No
87ddacee-93c2-4a9a-9e53-3af7fe5c0886,Yes
4b83a535-a64b-4f13-8c74-c38a0877b6c4,Yes
5912ace9-a168-4d44-878c-f2b8b3060f42,No
c67df408-b68f-43e3-91c9-b81b0d822895,No
a75135f0-66e9-415a-a9ae-94e54d2439f0,No
0775fdb1-bfd4-4b32-85cc-54d96ec4e42e,Yes
2fecf6cb-e69b-43f5-b5b4-3f2d32a7ff44,No
eb1612b3-f45a-4791-a9e9-329fda927b02,No
5abbe55f-1baf-4052-9139-fedb902cc513,No
cdbe04d1-7e8b-4c9a-94aa-cc8a9bc7ec5c,No
3ff08cd5-591c-453c-aaf8-27b09f88a528,Yes
60d4fe81-b92c-48a6-815d-c93ea34f0f54,No
388d1827-6c75-4f70-801e-ee49b73357a3,Yes
9b75d431-ce4a-44b0-b48a-f71d4f66723a,Yes
3516aa26-4687-4080-977a-d66ae6486904,No
008292c8-81f5-4930-b179-a198686fc79b,No
c95712d8-52e4-49f9-b094-8c175978d96e,No
4c6a2682-cc1f-4deb-806c-17cd11345a6f,No
99675402-b0d7-4387-ae14-41f215960f75,No
4a68e62e-ae0a-4eeb-a87a-8c67db008b6b,No
633ab3db-0f9a-468e-9185-9d4a9cd582ad,Yes
2cdd6339-a1d6-4c7c-889e-6570c64de489,No
2c767be0-1e3f-496f-9b43-1401a354b2a2,No
1520b711-9fdb-4494-8229-b4664ca14d97,Yes
d170e848-cdad-494c-b23c-ac16634412e4,No
512c7b15-19e7-435c-8981-57be0f1ffd58,No
77b373e5-eed3-4b03-bd9a-3a553fb0fca6,Yes
ddb26106-900b-4080-a28b-59927df9d525,No
bdab7f7f-35cc-4560-a9a0-2263e62afa6c,No
