position	motif	amp	glob_irr	local_irr	glob_avg_read_depth	local_avg_read_depth
chr1:86231242-86231274	TAAA	0	12.45	0.3279702636502056	233.71650576549618	295.7585206671501
chr1:189618808-189618829	TTA	0	12.71	0.26811729548001495	233.71650576549618	369.2413793103448
chr1:86928376-86928398	GT	0	16.82	0.30522294924425897	233.71650576549618	429.19446366782006
chr1:97127997-97128017	GT	0	15.92	0.27719976787734857	233.71650576549618	447.33082191780824
chr1:235100402-235100424	AC	0	24.26	0.7823063550318717	233.71650576549618	241.59333333333333
chr1:244549305-244549339	AC	0	10.91	0.5280156771664973	233.71650576549618	160.98006872852233
chr1:38601748-38601772	CT	0	12.96	0.6761605963389319	233.71650576549618	149.37279774489076
chr1:156682152-156682170	GA	0	11.94	0.21576831634857788	233.71650576549618	431.0178694158076
chr1:115825115-115825163	ATCT	0	20.92	0.4828606623750582	233.71650576549618	337.57150395778365
chr1:160840356-160840364	TA	0	13.73	0.22809299910577782	233.71650576549618	469.106901217862
chr1:86231242-86231274	TAAA	1	15.66	0.3651127367901658	233.72216272231475	334.14336917562724
chr1:189618808-189618829	TTA	1	29.65	0.5666584172552305	233.72216272231475	407.6529933481153
chr1:86928376-86928398	GT	1	49.16	0.8294774798690381	233.72216272231475	461.7364657814096
chr1:97127997-97128017	GT	1	21.18	0.3472353713203113	233.72216272231475	475.1820051413882
chr1:235100402-235100424	AC	1	30.29	0.7949631820276574	233.72216272231475	296.869094488189
chr1:244549305-244549339	AC	1	42.74	1.6928919510210958	233.72216272231475	196.7048161574314
chr1:38601748-38601772	CT	1	17.84	0.7319776257422556	233.72216272231475	189.8965147453083
chr1:156682152-156682170	GA	1	16.94	0.2778953625564032	233.72216272231475	474.9989304812834
chr1:115825115-115825163	ATCT	1	45.82	0.8882459961172159	233.72216272231475	401.9156872764435
chr1:160840356-160840364	TA	1	19.13	0.2884801548886738	233.72216272231475	516.5
chr1:86231242-86231274	TAAA	2	16.04	0.31565786107771	233.72781967913332	395.99837486457204
chr1:189618808-189618829	TTA	2	36.07	0.6093671899535987	233.72781967913332	461.13411524732277
chr1:86928376-86928398	GT	2	25.29	0.37448965772712967	233.72781967913332	526.049240440021
chr1:97127997-97128017	GT	2	27.47	0.3982873427618765	233.72781967913332	537.300529100529
chr1:235100402-235100424	AC	2	51.73	1.128212747625229	233.72781967913332	357.20213306246825
chr1:244549305-244549339	AC	2	21.82	0.6644387694026576	233.72781967913332	255.85502807554874
chr1:38601748-38601772	CT	2	50.7	1.585885010627059	233.72781967913332	249.07228289131567
chr1:156682152-156682170	GA	2	18.23	0.2667629650087324	233.72781967913332	532.3077736647276
chr1:115825115-115825163	ATCT	2	35.04	0.5846787973622934	233.72781967913332	466.9230374551052
chr1:160840356-160840364	TA	2	24.64	0.3349826142678558	233.72781967913332	573.1640742599097
chr1:86231242-86231274	TAAA	3	19.38	0.3363323618387073	233.7334766359519	448.9606625258799
chr1:189618808-189618829	TTA	3	28.88	0.43249600038205305	233.7334766359519	520.2360248447205
chr1:86928376-86928398	GT	3	17.2	0.21258865637557367	233.7334766359519	630.3252595155709
chr1:97127997-97128017	GT	3	66.49	0.8713924063770588	233.7334766359519	594.4508997429306
chr1:235100402-235100424	AC	3	50.31	0.943388395148929	233.7334766359519	415.52344931921334
chr1:244549305-244549339	AC	3	32.86	0.8344460743102251	233.7334766359519	306.79034617259873
chr1:38601748-38601772	CT	3	49.93	1.2659475653912668	233.7334766359519	307.2797093928386
chr1:156682152-156682170	GA	3	102.04	1.36654166484978	233.7334766359519	581.7605276509386
chr1:115825115-115825163	ATCT	3	34.53	0.508832357044322	233.7334766359519	528.6613484302625
chr1:160840356-160840364	TA	3	107.43	1.3343849469249498	233.7334766359519	627.2552773686795
chr1:86231242-86231274	TAAA	4	28.62	0.44206791044174437	233.73913359277046	504.447381799695
chr1:189618808-189618829	TTA	4	77.01	1.0377253652676866	233.73913359277046	578.1876593574707
chr1:86928376-86928398	GT	4	133.87	1.6505953125977846	233.73913359277046	631.893227879387
chr1:97127997-97128017	GT	4	54.16	0.6447716155339157	233.73913359277046	654.4953125
chr1:235100402-235100424	AC	4	68.92	1.1303826785235527	233.73913359277046	475.060358056266
chr1:244549305-244549339	AC	4	40.94	0.8610169631070946	233.73913359277046	370.49211997966444
chr1:38601748-38601772	CT	4	38.38	0.8140753093152946	233.73913359277046	367.2878867330886
chr1:156682152-156682170	GA	4	36.45	0.44068268383241005	233.73913359277046	644.4546391752577
chr1:115825115-115825163	ATCT	4	133.74	1.7594569277165175	233.73913359277046	592.2281947261663
chr1:160840356-160840364	TA	4	24.39	0.27825568061312156	233.73913359277046	682.825233186058
chr1:86231242-86231274	TAAA	5	59.81	0.827239589584937	233.74479054958906	563.3192679206915
chr1:189618808-189618829	TTA	5	45.82	0.5533719074221868	233.74479054958906	645.1357490535424
chr1:86928376-86928398	GT	5	24.26	0.2668539826558169	233.74479054958906	708.2524986849027
chr1:97127997-97128017	GT	5	49.28	0.5360634167449172	233.74479054958906	716.3331576172905
chr1:235100402-235100424	AC	5	70.72	1.0392139797297364	233.74479054958906	530.2084178498985
chr1:244549305-244549339	AC	5	53.52	0.9661018750420671	233.74479054958906	431.63149847094803
chr1:38601748-38601772	CT	5	22.33	0.40198636042376673	233.74479054958906	432.8505072076882
chr1:156682152-156682170	GA	5	54.93	0.6061835850418248	233.74479054958906	706.0567302733368
chr1:115825115-115825163	ATCT	5	73.54	0.8799149545671447	233.74479054958906	651.199297188755
chr1:160840356-160840364	TA	5	84.96	0.8927840000748859	233.74479054958906	741.5007436787308
chr1:86231242-86231274	TAAA	6	60.58	0.7545716784144602	233.75044750640762	625.5204290091931
chr1:189618808-189618829	TTA	6	50.82	0.5752359413734616	233.75044750640762	688.4131736526946
chr1:86928376-86928398	GT	6	40.43	0.4177277979081852	233.75044750640762	754.0795742524075
chr1:97127997-97128017	GT	6	64.68	0.6622302804077582	233.75044750640762	761.0645645645645
chr1:235100402-235100424	AC	6	70.59	0.9311400271496483	233.75044750640762	590.6737804878048
chr1:244549305-244549339	AC	6	80.86	1.320027460346973	233.75044750640762	477.26279863481227
chr1:38601748-38601772	CT	6	49.28	0.7883776779953954	233.75044750640762	487.07619548081976
chr1:156682152-156682170	GA	6	32.73	0.3386020524560322	233.75044750640762	753.0964391691394
chr1:115825115-115825163	ATCT	6	48.64	0.5322828429011262	233.75044750640762	712.0274588117824
chr1:160840356-160840364	TA	6	35.17	0.3431799369474597	233.75044750640762	798.4149727317799
chr1:86231242-86231274	TAAA	7	32.85	0.3778086834638182	233.7561044632262	677.5916256157635
chr1:189618808-189618829	TTA	7	61.73	0.6448048976927009	233.7561044632262	745.9620758483034
chr1:86928376-86928398	GT	7	82.52	0.7855382814073567	233.7561044632262	818.5469953775039
chr1:97127997-97128017	GT	7	226.13	2.1338042895310445	233.7561044632262	825.7552056881666
chr1:235100402-235100424	AC	7	103.44	1.248056496633015	233.7561044632262	645.8040979510245
chr1:244549305-244549339	AC	7	51.98	0.7570528539837541	233.7561044632262	534.9692532942898
chr1:38601748-38601772	CT	7	215.87	3.1137742218871916	233.7561044632262	540.1804627249358
chr1:156682152-156682170	GA	7	41.33	0.3955354724673214	233.7561044632262	814.0862764883956
chr1:115825115-115825163	ATCT	7	70.71	0.7094865015487901	233.7561044632262	776.6180171112229
chr1:160840356-160840364	TA	7	30.8	0.2803510990958434	233.7561044632262	856.0694100148736
chr1:86231242-86231274	TAAA	8	74.43	0.7938729372683512	233.76176142004476	730.5955056179776
chr1:189618808-189618829	TTA	8	35.68	0.3366940391075777	233.76176142004476	825.6754433100483
chr1:86928376-86928398	GT	8	68.15	0.6010223786145432	233.76176142004476	883.4945567651633
chr1:97127997-97128017	GT	8	252.56	2.24716348037664	233.76176142004476	875.7707292707292
chr1:235100402-235100424	AC	8	84.57	0.9461677044288033	233.76176142004476	696.4938635247913
chr1:244549305-244549339	AC	8	99.97	1.2846893304793634	233.76176142004476	606.3722812341932
chr1:38601748-38601772	CT	8	86.75	1.1386150604722511	233.76176142004476	593.7037225905151
chr1:156682152-156682170	GA	8	34.39	0.3019470249708686	233.76176142004476	887.5729112610275
chr1:115825115-115825163	ATCT	8	92.15	0.8471717880646507	233.76176142004476	847.5258620689655
chr1:160840356-160840364	TA	8	99.33	0.8572303792462402	233.76176142004476	902.9078048780488
chr1:86231242-86231274	TAAA	9	18.86	0.1803757861168122	233.76741837686333	814.9652631578947
chr1:189618808-189618829	TTA	9	34.39	0.30004687887784837	233.76741837686333	893.1937602627257
chr1:86928376-86928398	GT	9	279.64	2.352969828975778	233.76741837686333	926.0637230306071
chr1:97127997-97128017	GT	9	128.97	1.0584772312660744	233.76741837686333	949.4772020725388
chr1:235100402-235100424	AC	9	63.01	0.6385664566644647	233.76741837686333	768.9097898513583
chr1:244549305-244549339	AC	9	86.11	1.0098951787077801	233.76741837686333	664.4253920080931
chr1:38601748-38601772	CT	9	48.12	0.5570584647801868	233.76741837686333	673.1788918205805
chr1:156682152-156682170	GA	9	60.32	0.49859583168771693	233.76741837686333	942.6472708547889
chr1:115825115-115825163	ATCT	9	281.56	2.4492060521204806	233.76741837686333	895.8004975124378
chr1:160840356-160840364	TA	9	294.14	2.387271514788783	233.76741837686333	960.0918813806514
chr1:86231242-86231274	TAAA	10	109.59	0.9931671727365596	233.77307533368193	859.8753799392098
chr1:189618808-189618829	TTA	10	131.54	1.1146942779791376	233.77307533368193	919.5346385542168
chr1:86928376-86928398	GT	10	304.14	2.4481638218671327	233.77307533368193	968.0724708171206
chr1:97127997-97128017	GT	10	87.39	0.6815776786422639	233.77307533368193	999.1524390243902
chr1:235100402-235100424	AC	10	63.52	0.6004837577531811	233.77307533368193	824.335368956743
chr1:244549305-244549339	AC	10	52.87	0.5779280766570625	233.77307533368193	712.8914767096135
chr1:38601748-38601772	CT	10	282.45	3.1453050882162237	233.77307533368193	699.7731343283582
chr1:156682152-156682170	GA	10	287.71	2.2921434984899194	233.77307533368193	978.12375249501
chr1:115825115-115825163	ATCT	10	210.97	1.709812979643391	233.77307533368193	961.5086676572561
chr1:160840356-160840364	TA	10	97.02	0.7422628839328369	233.77307533368193	1018.5070766227428
